variabile,categoria,shap_medio
Region,Abruzzo,-0.00015453548190514017
Region,Basilicata,3.365731853317905e-05
Region,Calabria,-0.0005288056773814033
Region,Campania,0.0003587628663590842
Region,Emilia-Romagna,0.00035018784240199404
Region,Friuli-Venezia Giulia,0.0008810188981424731
Region,Lazio,0.00024891791046400104
Region,Liguria,0.00037621818635059744
Region,Lombardia,0.0011738234776124891
Region,Marche,0.0007773139606227889
Region,Molise,-0.0008712024046378964
Region,Piemonte,0.0015759439353094393
Region,Puglia,-3.509628736747042e-06
Region,Sardegna,8.442999706036556e-05
Region,Sicilia,-1.2958397127434236e-05
Region,Toscana,0.00036457467761350664
Region,Trentino-Alto Adige,0.0005191517190448373
Region,Umbria,0.00016128052560565427
Region,Valle d’Aosta,0.0012081328325623181
Region,Veneto,0.0004767734874089521
Gender,F,2.2959394061031806e-05
Gender,M,-2.396116072447969e-06
Education_Macro,0_Base,-0.0007915075536887583
Education_Macro,1_Medio,-0.004616205599977356
Education_Macro,2_Alto,0.013822911473469498
